{"cameraMode":{"drawMode":0,"name":"Shaded","section":"Shading Mode"},"sceneLighting":true,"audioPlay":false,"sceneViewState":{"m_AlwaysRefresh":false,"showFog":true,"showSkybox":true,"showFlares":true,"showImageEffects":true,"showParticleSystems":true,"showVisualEffectGraphs":true,"m_FxEnabled":true},"in2DMode":false,"pivot":{"x":279.37359619140627,"y":269.5569152832031,"z":-10.271868705749512},"rotation":{"x":-0.019789688289165498,"y":-0.03688963130116463,"z":0.000912054325453937,"w":-0.9991867542266846},"size":317.74365234375,"orthographic":false}