{"cameraMode":{"drawMode":0,"name":"Shaded","section":"Shading Mode"},"sceneLighting":false,"audioPlay":false,"sceneViewState":{"m_AlwaysRefresh":false,"showFog":true,"showSkybox":false,"showFlares":true,"showImageEffects":true,"showParticleSystems":true,"showVisualEffectGraphs":true,"m_FxEnabled":true},"in2DMode":false,"pivot":{"x":-10.650703430175782,"y":-3.542849063873291,"z":-0.23162077367305757},"rotation":{"x":-0.08168859034776688,"y":-0.3877909183502197,"z":0.03454353287816048,"w":-0.9174603223800659},"size":2.9660253524780275,"orthographic":false}