{"cameraMode":{"drawMode":0,"name":"Shaded","section":"Shading Mode"},"sceneLighting":false,"audioPlay":false,"sceneViewState":{"m_AlwaysRefresh":false,"showFog":true,"showSkybox":false,"showFlares":true,"showImageEffects":true,"showParticleSystems":true,"showVisualEffectGraphs":true,"m_FxEnabled":true},"in2DMode":false,"pivot":{"x":-10.143495559692383,"y":-1.0397441387176514,"z":-0.7611749768257141},"rotation":{"x":-0.14340876042842866,"y":-0.0735597237944603,"z":0.010701482184231282,"w":-0.9868562817573547},"size":2.5156919956207277,"orthographic":false}